"Id","ListingType","Domain","SiteName","SubmitUrl","DR_Est","Cost","RatPDF_Page","SuggestedAnchor","Notes","Priority","Status"
"1","SaaS listing","alternativeto.net","AlternativeTo","https://alternativeto.net/manage/add-application/","91","Free","https://ratpdf.com/compare","RatPDF - free PDF tools","List as iLovePDF/Smallpdf alternative. Tag: PDF, compress, OCR.","P0","Not started"
"2","SaaS listing","producthunt.com","Product Hunt","https://www.producthunt.com/posts/new","90","Free","https://ratpdf.com/guides/pdf-tools","RatPDF","Launch day drives traffic + DR90 link. Prepare gallery + maker comment.","P0","Not started"
"3","SaaS listing","saashub.com","SaaSHub","https://www.saashub.com/submit","72","Free","https://ratpdf.com/compare","RatPDF","Compare vs Adobe/iLovePDF.","P1","Not started"
"4","SaaS listing","slant.co","Slant","https://www.slant.co/topics","74","Free","https://ratpdf.com/pdf/compress","RatPDF","Add to 'best PDF compressors' and 'PDF to text' topics.","P1","Not started"
"5","SaaS listing","stackshare.io","StackShare","https://stackshare.io/submit/tool","80","Free","https://ratpdf.com/guides/pdf-tools","RatPDF","Tag under Document Management / Productivity.","P1","Not started"
"6","AI/tool directory","toolify.ai","Toolify","https://www.toolify.ai/submit-tool","65","Free","https://ratpdf.com/guides/pdf-tools","RatPDF PDF tools","Free tier listing available.","P2","Not started"
"7","Tool directory","futurepedia.io","Futurepedia","https://www.futurepedia.io/submit-tool","68","Free","https://ratpdf.com/pdf/ocrpdf","RatPDF OCR PDF","Emphasize OCR + PDF to text workflow.","P2","Not started"
"8","Startup listing","betalist.com","BetaList","https://betalist.com/submit","72","Free","https://ratpdf.com/guides/pdf-tools","RatPDF","Free queue; paid for faster.","P1","Not started"
"9","Startup directory","startupstash.com","Startup Stash","https://startupstash.com/add-startup/","70","Free","https://ratpdf.com/guides/pdf-tools","RatPDF","Productivity / SaaS category.","P1","Not started"
"10","Open-source adjacent","libhunt.com","LibHunt","https://www.libhunt.com/submit","55","Free","https://ratpdf.com/compare","RatPDF","If you open-source any component later.","P2","Not started"
"11","Software directory","sourceforge.net","SourceForge","https://sourceforge.net/projects/new","92","Free","https://ratpdf.com/guides/pdf-tools","RatPDF","Long-tail download traffic.","P0","Not started"
"12","Software directory","softpedia.com","Softpedia","https://www.softpedia.com/user/submit.shtml","91","Free","https://ratpdf.com/pdf/compress","RatPDF","Editorial review; quality listing.","P0","Not started"
"13","Software directory","filehippo.com","FileHippo","https://filehippo.com/form-submit-software/","85","Free","https://ratpdf.com/guides/pdf-tools","RatPDF","Web app listing path.","P0","Not started"
"14","Software directory","softonic.com","Softonic","https://developers.softonic.com/","93","Free","https://ratpdf.com/pdf/compress","RatPDF","Developer portal submission.","P0","Not started"
"15","SaaS listing","g2.com","G2","https://www.g2.com/products/new","91","Free profile","https://ratpdf.com/compare","RatPDF","Free vendor profile; reviews boost visibility.","P0","Not started"
"16","SaaS listing","capterra.com","Capterra","https://www.capterra.com/vendors/sign-up","93","Free profile","https://ratpdf.com/compare","RatPDF","Gartner Digital Markets network.","P0","Not started"
"17","SaaS listing","getapp.com","GetApp","https://www.getapp.com/vendors/sign-up","88","Free profile","https://ratpdf.com/guides/pdf-tools","RatPDF","Same vendor network as Capterra.","P0","Not started"
"18","SaaS listing","softwareadvice.com","Software Advice","https://www.softwareadvice.com/vendors/","86","Free profile","https://ratpdf.com/compare","RatPDF","PDF software category.","P0","Not started"
"19","Review platform","trustpilot.com","Trustpilot","https://business.trustpilot.com/signup","93","Free","https://ratpdf.com/guides/pdf-tools","RatPDF","Trust signal; not pure SEO but brand.","P0","Not started"
"20","SaaS directory","crozdesk.com","Crozdesk","https://crozdesk.com/vendors/register","62","Free","https://ratpdf.com/compare","RatPDF","B2B SaaS comparison.","P2","Not started"
"21","SaaS directory","saasworthy.com","SaaSworthy","https://www.saasworthy.com/submit-product","58","Free","https://ratpdf.com/guides/pdf-tools","RatPDF","Productivity category.","P2","Not started"
"22","Startup directory","killerstartups.com","KillerStartups","https://killerstartups.com/submit-startup/","55","Free","https://ratpdf.com/guides/pdf-tools","RatPDF","Startup showcase.","P2","Not started"
"23","Startup directory","launchingnext.com","Launching Next","https://www.launchingnext.com/submit/","52","Free","https://ratpdf.com/guides/pdf-tools","RatPDF","Free startup listing.","P2","Not started"
"24","Startup directory","startupranking.com","Startup Ranking","https://www.startupranking.com/startup/create","60","Free","https://ratpdf.com/guides/pdf-tools","RatPDF","Global startup index.","P2","Not started"
"25","Side project listing","sideprojectors.com","SideProjectors","https://www.sideprojectors.com/submit","45","Free","https://ratpdf.com/guides/pdf-tools","RatPDF","Indie maker audience.","P2","Not started"
"26","Community listing","indiehackers.com","Indie Hackers","https://www.indiehackers.com/products","80","Free","https://ratpdf.com/resources","RatPDF","Share /resources research posts in forum.","P1","Not started"
"27","Maker portfolio","peerlist.io","Peerlist","https://peerlist.io/","55","Free","https://ratpdf.com/guides/pdf-tools","RatPDF","Add project to profile.","P2","Not started"
"28","Dev tool launch","devhunt.org","DevHunt","https://devhunt.org/submit","48","Free","https://ratpdf.com/guides/pdf-tools","RatPDF","Weekly dev tool launches.","P2","Not started"
"29","Tool directory","toptools.io","TopTools","https://toptools.io/submit","42","Free","https://ratpdf.com/pdf/compress","RatPDF compress PDF","Free submit form.","P2","Not started"
"30","Tool directory","toolfinder.co","ToolFinder","https://toolfinder.co/submit-a-tool","38","Free","https://ratpdf.com/pdf/ocrpdf","RatPDF OCR","OCR + PDF cluster.","P2","Not started"
"31","GitHub awesome list","free-for.dev","free-for.dev","https://github.com/ripienaar/free-for-dev/pulls","75","Free","https://ratpdf.com/guides/pdf-tools","RatPDF","PR to add under Document Processing.","P1","Not started"
"32","GitHub awesome list","github.com","awesome-selfhosted","https://github.com/awesome-selfhosted/awesome-selfhosted","99","Free","https://ratpdf.com/compare","RatPDF","Only if self-hostable story fits.","P0","Not started"
"33","GitHub awesome list","github.com","awesome-privacy","https://github.com/pluja/awesome-privacy","99","Free","https://ratpdf.com/guides/pdf-tools","RatPDF","Pitch browser-based privacy angle.","P0","Not started"
"34","Software directory","elearningindustry.com","eLearning Industry","https://elearningindustry.com/directory/submit-software","82","Free","https://ratpdf.com/pdf/pdftotext","RatPDF PDF to text","Ed/academic PDF workflows.","P1","Not started"
"35","B2B directory","financesonline.com","FinancesOnline","https://financesonline.com/add-product/","78","Free","https://ratpdf.com/compare","RatPDF","Invoice + PDF angle for accountants.","P1","Not started"
"36","B2B directory","goodfirms.co","GoodFirms","https://www.goodfirms.co/register","74","Free","https://ratpdf.com/compare","RatPDF","Software development / SaaS.","P1","Not started"
"37","SaaS directory","softwaresuggest.com","SoftwareSuggest","https://www.softwaresuggest.com/vendors","72","Free","https://ratpdf.com/compare","RatPDF","India + global traffic.","P1","Not started"
"38","SaaS directory","techjockey.com","TechJockey","https://www.techjockey.com/vendors","58","Free","https://ratpdf.com/guides/pdf-tools","RatPDF","Strong India SMB audience.","P2","Not started"
"39","Buyer's guide","selecthub.com","SelectHub","https://www.selecthub.com/contact-us/","65","Free","https://ratpdf.com/compare","RatPDF","Pitch for PDF tool buyer guide inclusion.","P2","Not started"
"40","Review site","digital.com","Digital.com","https://digital.com/contact/","70","Free","https://ratpdf.com/compare","RatPDF","Best PDF tools roundup outreach.","P1","Not started"
"41","Editorial","pcmag.com","PCMag","https://www.pcmag.com/about/contact-the-editors","92","Free pitch","https://ratpdf.com/compare","RatPDF","Pitch free PDF toolkit vs paid.","P0","Not started"
"42","Editorial","makeuseof.com","MakeUseOf","https://www.makeuseof.com/about/","91","Free pitch","https://ratpdf.com/compress-pdf-for-email","compress PDF for email","How-to guest post pitch.","P0","Not started"
"43","Editorial","howtogeek.com","How-To Geek","https://www.howtogeek.com/contact/","91","Free pitch","https://ratpdf.com/pdf/compress","compress PDF online","Email attachment size article.","P0","Not started"
"44","Editorial","lifewire.com","Lifewire","https://www.lifewire.com/about-us-4778040","90","Free pitch","https://ratpdf.com/pdf-to-txt/how-do-i-convert-pdf-to-text","PDF to text","Convert PDF to text tutorial update.","P0","Not started"
"45","Resource/blog","zapier.com","Zapier","https://zapier.com/blog/write-for-us/","93","Free","https://ratpdf.com/guides/pdf-tools","RatPDF","Productivity workflows with PDF.","P0","Not started"
"46","Resource","nngroup.com","Nielsen Norman Group","https://www.nngroup.com/articles/","85","Free cite","https://ratpdf.com/research/attachment-size-limits","email attachment limits","Cite research in UX docs on file limits.","P0","Not started"
"47","Editorial","hbr.org","Harvard Business Review","https://hbr.org/guidelines-for-authors-web","94","Free pitch","https://ratpdf.com/resources","freelancer invoicing","Long shot; invoicing statistics angle.","P0","Not started"
"48","Editorial","smashingmagazine.com","Smashing Magazine","https://www.smashingmagazine.com/write-for-us/","91","Free","https://ratpdf.com/resources","PDF workflow","Developer PDF/HTML article pitch.","P0","Not started"
"49","Editorial","css-tricks.com","CSS-Tricks","https://css-tricks.com/contact/","88","Free pitch","https://ratpdf.com/resources","HTML to PDF","html-to-pdf developer guide.","P0","Not started"
"50","Editorial","sitepoint.com","SitePoint","https://www.sitepoint.com/write-for-us/","86","Free","https://ratpdf.com/compare","RatPDF","Web dev tool roundup.","P0","Not started"
"51","Blog mention","freelancer.com","Freelancer.com Blog","https://www.freelancer.com/community/","91","Free","https://ratpdf.com/resources","invoice PDF","Freelancer invoicing stats outreach.","P0","Not started"
"52","Resource page","upwork.com","Upwork Resource Center","https://www.upwork.com/resources/","93","Free pitch","https://ratpdf.com/resources","freelance PDF tools","Resource article on client document workflows.","P0","Not started"
"53","Blog mention","bench.co","Bench Accounting","https://bench.co/blog/","72","Free pitch","https://ratpdf.com/research/attachment-size-limits","PDF size limits","Accountant audience - compress bank PDFs.","P1","Not started"
"54","Resource/blog","freshbooks.com","FreshBooks","https://www.freshbooks.com/hub/","85","Free pitch","https://ratpdf.com/resources","invoice PDF","SMB invoicing + PDF compress.","P0","Not started"
"55","Blog mention","waveapps.com","Wave Apps","https://www.waveapps.com/blog","80","Free pitch","https://ratpdf.com/resources","GST invoice PDF","India GST invoice checker angle.","P1","Not started"
"56","Resource page","quickbooks.intuit.com","QuickBooks","https://quickbooks.intuit.com/r/","94","Free pitch","https://ratpdf.com/resources","PDF tools for accountants","Link to /pdf-tools-for-accountants.","P0","Not started"
"57","Resource page","clio.com","Clio Legal","https://www.clio.com/blog/","78","Free pitch","https://ratpdf.com/pdf-tools-for-lawyers","PDF tools for lawyers","Legal PDF redact/compress/merge.","P1","Not started"
"58","Resource page","americanbar.org","ABA","https://www.americanbar.org/groups/","90","Free pitch","https://ratpdf.com/pdf-tools-for-lawyers","PDF redaction","Legal tech resource inclusion.","P0","Not started"
"59","Editorial","lawtechnologytoday.org","Law Technology Today","https://www.lawtechnologytoday.org/about/submissions/","65","Free","https://ratpdf.com/pdf-tools-for-lawyers","PDF tools","ABA Law Practice Division.","P2","Not started"
"60","Resource page","eff.org","EFF","https://www.eff.org/pages/contact","92","Free pitch","https://ratpdf.com/guides/secure-pdf-workflow","PDF password protect","Digital security / document privacy.","P0","Not started"
"61","Resource page","privacyguides.org","Privacy Guides","https://github.com/privacyguides/privacyguides.org","72","Free PR","https://ratpdf.com/guides/pdf-tools","RatPDF","Browser-based, files deleted angle.","P1","Not started"
"62","Gov resource","digital.gov","Digital.gov","https://digital.gov/contact/","85","Free pitch","https://ratpdf.com/guides/pdf-tools","OCR PDF accessibility","Gov PDF accessibility / Section 508.","P0","Not started"
"63","Gov resource","section508.gov","Section508.gov","https://www.section508.gov/","78","Free cite","https://ratpdf.com/guides/pdf-tools","searchable PDF OCR","Accessible document workflow cite.","P1","Not started"
"64","Gov resource","ada.gov","ADA.gov","https://www.ada.gov/","88","Free cite","https://ratpdf.com/guides/pdf-tools","OCR PDF","Accessible PDF creation resources.","P0","Not started"
"65","Gov resource","nist.gov","NIST","https://www.nist.gov/contact","91","Free cite","https://ratpdf.com/research/attachment-size-limits","document file sizes","Cite attachment limits research.","P0","Not started"
"66","Gov resource","usa.gov","USA.gov","https://www.usa.gov/contact","93","Free pitch","https://ratpdf.com/pdf/compress","compress PDF","Citizen services document help.","P0","Not started"
"67","Gov resource","irs.gov","IRS","https://www.irs.gov/help/contact-your-local-irs-office","95","Free cite","https://ratpdf.com/pdf/compress","compress tax PDF","Tax PDF upload size - cite limits page.","P0","Not started"
"68","Gov resource","gov.uk","GOV.UK","https://www.gov.uk/help/contact","94","Free pitch","https://ratpdf.com/pdf/compress","compress PDF","Document services for citizens.","P0","Not started"
"69","Gov resource","service.gov.uk","GDS Service Manual","https://gds.blog.gov.uk/","90","Free pitch","https://ratpdf.com/guides/pdf-tools","accessible PDFs","UK gov digital service PDF guidance.","P0","Not started"
"70","Gov resource","canada.ca","Canada.ca","https://www.canada.ca/en/contact.html","93","Free pitch","https://ratpdf.com/pdf/compress","reduce PDF size","Immigration / services PDF uploads.","P0","Not started"
"71","Gov resource","ato.gov.au","ATO Australia","https://www.ato.gov.au/","85","Free cite","https://ratpdf.com/pdf/compress","PDF file size","Tax document upload limits.","P0","Not started"
"72","Resource page","edu.gcfglobal.org","GCFGlobal","https://edu.gcfglobal.org/en/contact-us/","78","Free pitch","https://ratpdf.com/pdf-to-txt/how-do-i-convert-pdf-to-text","extract text from PDF","Free learning site - PDF tutorials.","P1","Not started"
"73","Resource page","libguides.com","LibGuides (Springshare)","https://springshare.com/","85","Free outreach","https://ratpdf.com/pdf/ocrpdf","OCR scanned PDF","Pitch university librarians - digitization guides.","P0","Not started"
"74","Resource page","archive.org","Internet Archive","https://archive.org/about/contact.php","94","Free","https://ratpdf.com/pdf/ocrpdf","OCR PDF","Digitization community; forum/wiki links.","P0","Not started"
"75","Reference","wikidata.org","Wikidata","https://www.wikidata.org/wiki/Wikidata:Contact_us","95","Free","https://ratpdf.com/compare","RatPDF","Add entity if notable; Wikipedia notability rules.","P0","Not started"
"76","Community","reddit.com","r/pdf","https://www.reddit.com/r/pdf/","95","Free","https://ratpdf.com/pdf/compress","RatPDF","Helpful comments only - no spam. Answer questions.","P0","Not started"
"77","Community","reddit.com","r/productivity","https://www.reddit.com/r/productivity/","95","Free","https://ratpdf.com/guides/pdf-tools","RatPDF","Tool recommendation when relevant.","P0","Not started"
"78","Community","reddit.com","r/freelance","https://www.reddit.com/r/freelance/","95","Free","https://ratpdf.com/resources","invoice PDF","Invoicing workflow tips.","P0","Not started"
"79","Community","news.ycombinator.com","Hacker News","https://news.ycombinator.com/submit","91","Free","https://ratpdf.com/resources","PDF compression benchmark","Show HN: original research posts.","P0","Not started"
"80","Blog/platform","dev.to","DEV Community","https://dev.to/new","85","Free","https://ratpdf.com/research/pdf-compression-benchmark","PDF compression study","Publish benchmark methodology post.","P0","Not started"
"81","Blog/platform","hashnode.com","Hashnode","https://hashnode.com/","82","Free","https://ratpdf.com/pdf-to-txt/how-do-i-convert-pdf-to-text","PDF to text","Cross-post technical guides.","P1","Not started"
"82","Blog/platform","medium.com","Medium","https://medium.com/new-story","95","Free","https://ratpdf.com/research/attachment-size-limits","email attachment limits 2026","RatPDF publication - cite research.","P0","Not started"
"83","Blog/platform","linkedin.com","LinkedIn Articles","https://www.linkedin.com/article/new/","98","Free","https://ratpdf.com/resources","PDF tools","Ethan Brooks / Priya Sharma author profiles.","P0","Not started"
"84","Q&A","quora.com","Quora","https://www.quora.com/","93","Free","https://ratpdf.com/compress-pdf-for-email","compress PDF for Gmail","Answer with link to pillar page - no spam.","P0","Not started"
"85","Q&A","stackoverflow.com","Stack Overflow","https://stackoverflow.com/questions/ask","95","Free","https://ratpdf.com/pdf/pdftotext","extract PDF text","Answer programming questions; link when genuinely helpful.","P0","Not started"
"86","Q&A","superuser.com","Super User","https://superuser.com/","90","Free","https://ratpdf.com/pdf/compress","compress PDF","IT pro audience.","P0","Not started"
"87","Q&A","webapps.stackexchange.com","Web Apps SE","https://webapps.stackexchange.com/","88","Free","https://ratpdf.com/guides/pdf-tools","PDF to text online","Online tool recommendations.","P0","Not started"
"88","Editorial","smallbusiness.chron.com","Chron SMB","https://smallbusiness.chron.com/contact-us","92","Free pitch","https://ratpdf.com/resources","small business PDF","SMB document workflow.","P0","Not started"
"89","Editorial","businessnewsdaily.com","Business News Daily","https://www.businessnewsdaily.com/contact","85","Free pitch","https://ratpdf.com/compare","best PDF tools","Tool roundup inclusion.","P0","Not started"
"90","Editorial","techradar.com","TechRadar","https://www.techradar.com/news/contact-us","92","Free pitch","https://ratpdf.com/compare","RatPDF vs Adobe","Best free PDF software list.","P0","Not started"
"91","Editorial","tomsguide.com","Tom's Guide","https://www.tomsguide.com/contact","90","Free pitch","https://ratpdf.com/pdf/compress","compress PDF free","How-to and best-of lists.","P0","Not started"
"92","Editorial","digitaltrends.com","Digital Trends","https://www.digitaltrends.com/contact/","91","Free pitch","https://ratpdf.com/compare","PDF tools","Software best-of outreach.","P0","Not started"
"93","Editorial","cnet.com","CNET","https://www.cnet.com/contact/","93","Free pitch","https://ratpdf.com/compare","free PDF editor","Download/editor alternative lists.","P0","Not started"
"94","Editorial","techrepublic.com","TechRepublic","https://www.techrepublic.com/contact/","88","Free pitch","https://ratpdf.com/guides/pdf-tools","PDF toolkit","Enterprise IT document tools.","P0","Not started"
"95","Editorial","zdnet.com","ZDNet","https://www.zdnet.com/contact/","92","Free pitch","https://ratpdf.com/compare","RatPDF","Business tech software.","P0","Not started"
"96","Editorial","theverge.com","The Verge","https://www.theverge.com/contact","93","Free pitch","https://ratpdf.com/guides/pdf-tools","PDF tools","Long shot product story.","P0","Not started"
"97","Editorial","wired.com","Wired","https://www.wired.com/about/feedback/","94","Free pitch","https://ratpdf.com/resources","document privacy","Privacy angle on browser tools.","P0","Not started"
"98","Editorial","mashable.com","Mashable","https://mashable.com/about/contact","93","Free pitch","https://ratpdf.com/pdf/compress","compress PDF","Life hacks / productivity.","P0","Not started"
"99","Editorial","lifehacker.com","Lifehacker","https://lifehacker.com/contact","90","Free pitch","https://ratpdf.com/compress-pdf-for-email","email PDF too large","Classic fit - attachment limits research.","P0","Not started"
"100","Resource/blog","hubspot.com","HubSpot Blog","https://blog.hubspot.com/marketing/guest-blogging","93","Free pitch","https://ratpdf.com/resources","PDF marketing assets","Marketing PDF compress/merge guide.","P0","Not started"
"101","Resource/blog","buffer.com","Buffer Resources","https://buffer.com/resources","88","Free pitch","https://ratpdf.com/pdf/compress","PDF for social","Content team PDF workflows.","P0","Not started"
"102","Resource page","notion.so","Notion Template Gallery","https://www.notion.so/templates","92","Free","https://ratpdf.com/pdf/pdftotext","PDF to text","Template creators linking PDF tools.","P0","Not started"
"103","Resource page","airtable.com","Airtable Universe","https://airtable.com/universe","90","Free","https://ratpdf.com/resources","invoice workflow","SMB workflow templates.","P0","Not started"
"104","Resource/blog","canva.com","Canva Design School","https://www.canva.com/learn/","93","Free pitch","https://ratpdf.com/pdf/compress","compress PDF for print","Design export PDF size.","P0","Not started"
"105","Resource page","figma.com","Figma Community","https://www.figma.com/community","92","Free","https://ratpdf.com/pdf/compress","PDF export compress","Design handoff PDF size.","P0","Not started"
"106","Resource/blog","dribbble.com","Dribbble","https://dribbble.com/stories","91","Free pitch","https://ratpdf.com/pdf/compress","portfolio PDF","Designer portfolio PDF compression.","P0","Not started"
"107","Resource page","behance.net","Behance","https://www.behance.net/","93","Free","https://ratpdf.com/pdf/compress","compress portfolio PDF","Creative pro audience.","P0","Not started"
"108","Editorial","academic.oup.com","Oxford Academic","https://academic.oup.com/pages/contact","94","Free cite","https://ratpdf.com/pdf/ocrpdf","OCR digitization","Library science citations.","P0","Not started"
"109","Resource page","jstor.org","JSTOR","https://about.jstor.org/contact/","93","Free outreach","https://ratpdf.com/pdf/ocrpdf","OCR scanned documents","Research digitization resources.","P0","Not started"
"110","Directory","doaj.org","DOAJ","https://doaj.org/apply/","80","Free","https://ratpdf.com/resources","open research","If publishing open research notes.","P1","Not started"
"111","Reference","scholar.google.com","Google Scholar","https://scholar.google.com/intl/en/scholar/inclusions.html","99","Free","https://ratpdf.com/research/pdf-compression-benchmark","PDF compression benchmark","Index research pages as publications.","P0","Not started"
"112","Reference","researchgate.net","ResearchGate","https://www.researchgate.net/","94","Free","https://ratpdf.com/research/attachment-size-limits","attachment size limits study","Upload research PDF summary.","P0","Not started"
"113","Reference","semanticscholar.org","Semantic Scholar","https://www.semanticscholar.org/","88","Free","https://ratpdf.com/research/pdf-compression-benchmark","PDF compression","Research visibility.","P0","Not started"
"114","Gov resource","osha.gov","OSHA","https://www.osha.gov/contact-us","90","Free cite","https://ratpdf.com/pdf/compress","SDS PDF","Safety data sheet PDF handling.","P0","Not started"
"115","Gov resource","epa.gov","EPA","https://www.epa.gov/utility/contact-us","93","Free cite","https://ratpdf.com/pdf/compress","environmental PDF forms","Form upload size guidance.","P0","Not started"
"116","Gov resource","sba.gov","SBA","https://www.sba.gov/about-sba/sba-locations","92","Free pitch","https://ratpdf.com/resources","small business PDF tools","SMB resource page outreach.","P0","Not started"
"117","Resource page","score.org","SCORE","https://www.score.org/find-mentor","75","Free pitch","https://ratpdf.com/resources","invoice PDF","Mentor resource library for SMBs.","P1","Not started"
"118","Resource page","khanacademy.org","Khan Academy","https://www.khanacademy.org/about/contact","90","Free pitch","https://ratpdf.com/pdf/pdftotext","extract text from PDF","Student study material workflows.","P0","Not started"
"119","Resource/blog","coursera.org","Coursera","https://about.coursera.org/press","92","Free pitch","https://ratpdf.com/pdf/pdftotext","PDF notes","Learner productivity article.","P0","Not started"
"120","Resource/blog","edx.org","edX","https://www.edx.org/about-us","91","Free pitch","https://ratpdf.com/pdf/ocrpdf","OCR lecture scans","Academic scan-to-text.","P0","Not started"
"121","Resource page","mit.edu","MIT OpenCourseWare","https://ocw.mit.edu/contact/","95","Free outreach","https://ratpdf.com/pdf/ocrpdf","OCR PDF","OCW digitization resource links.","P0","Not started"
"122","Resource page","stanford.edu","Stanford Online","https://online.stanford.edu/contact","95","Free outreach","https://ratpdf.com/pdf/pdftotext","PDF to text","IT help / student resources.","P0","Not started"
"123","Resource page","harvard.edu","Harvard IT Help","https://harvard.service-now.com/ithelp","96","Free outreach","https://ratpdf.com/pdf/compress","compress PDF","Pitch IT knowledge base inclusion.","P0","Not started"
"124","Resource page","berkeley.edu","UC Berkeley IST","https://technology.berkeley.edu/contact","95","Free outreach","https://ratpdf.com/guides/pdf-tools","accessible PDF","Campus accessibility PDF guides.","P0","Not started"
"125","Resource page","umich.edu","U Michigan ITS","https://its.umich.edu/contact","94","Free outreach","https://ratpdf.com/pdf-to-txt/how-do-i-convert-pdf-to-text","convert PDF to text","Student tech support articles.","P0","Not started"
"126","Resource page","washington.edu","UW IT Connect","https://itconnect.uw.edu/","93","Free outreach","https://ratpdf.com/compress-pdf-for-email","email PDF size","Email attachment help articles.","P0","Not started"
"127","Resource page","illinois.edu","UIUC Tech Services","https://techservices.illinois.edu/get-help","93","Free outreach","https://ratpdf.com/guides/pdf-tools","PDF tools","Campus software alternatives.","P0","Not started"
"128","Resource page","utexas.edu","UT Austin ITS","https://ut.service-now.com/sp","93","Free outreach","https://ratpdf.com/pdf/compress","reduce PDF size","Student upload portal tips.","P0","Not started"
"129","Resource page","gatech.edu","Georgia Tech OIT","https://oit.gatech.edu/contact","92","Free outreach","https://ratpdf.com/pdf/ocrpdf","OCR PDF","Research scan workflows.","P0","Not started"
"130","Resource page","cmu.edu","CMU Computing Services","https://www.cmu.edu/computing/contact/","93","Free outreach","https://ratpdf.com/pdf/pdftotext","PDF text extraction","Academic research support.","P0","Not started"
"131","Resource page","ox.ac.uk","Oxford IT Services","https://www.it.ox.ac.uk/help","94","Free outreach","https://ratpdf.com/pdf/compress","compress PDF","UK university IT help.","P0","Not started"
"132","Resource page","cam.ac.uk","Cambridge UIS","https://www.ucs.cam.ac.uk/contact","94","Free outreach","https://ratpdf.com/guides/pdf-tools","OCR searchable PDF","Research digitization.","P0","Not started"
"133","Resource page","imperial.ac.uk","Imperial ICT","https://www.imperial.ac.uk/admin-services/ict/contact/","92","Free outreach","https://ratpdf.com/guides/pdf-tools","PDF to text","Student PDF workflows.","P0","Not started"
"134","Resource page","ed.ac.uk","Edinburgh IS","https://www.ed.ac.uk/information-services/help-consultancy","93","Free outreach","https://ratpdf.com/pdf/compress","PDF compression","UK HE IT knowledge base.","P0","Not started"
"135","Resource page","utoronto.ca","U Toronto ITS","https://www.utoronto.ca/its/contact","93","Free outreach","https://ratpdf.com/pdf-to-txt/how-do-i-convert-pdf-to-text","PDF to text","Canadian university IT.","P0","Not started"
"136","Resource page","ubc.ca","UBC IT","https://it.ubc.ca/contact-us","92","Free outreach","https://ratpdf.com/pdf/ocrpdf","OCR PDF","Library digitization staff.","P0","Not started"
"137","Resource page","unimelb.edu.au","Uni Melbourne","https://servicedesk.unimelb.edu.au/","91","Free outreach","https://ratpdf.com/pdf/compress","compress PDF","AU student services.","P0","Not started"
"138","Resource page","sydney.edu.au","Uni Sydney","https://www.sydney.edu.au/students/it.html","91","Free outreach","https://ratpdf.com/pdf/pdftotext","extract PDF text","Student IT support article pitch.","P0","Not started"
"139","Resource page","nus.edu.sg","NUS IT","https://nusit.nus.edu.sg/contact/","90","Free outreach","https://ratpdf.com/pdf/compress","compress PDF online","APAC university IT.","P0","Not started"
"140","Resource page","iitb.ac.in","IIT Bombay","https://www.iitb.ac.in/en/contact","88","Free outreach","https://ratpdf.com/guides/pdf-tools","PDF tools","India tech student audience.","P0","Not started"
"141","Resource page","iisc.ac.in","IISc Bangalore","https://iisc.ac.in/contact/","85","Free outreach","https://ratpdf.com/pdf/ocrpdf","OCR research PDF","Research scan digitization.","P0","Not started"
"142","Tool directory","topai.tools","TopAI Tools","https://topai.tools/submit","55","Free","https://ratpdf.com/guides/pdf-tools","RatPDF PDF tools","Free submit.","P2","Not started"
"143","Tool directory","aitoolsdirectory.com","AI Tools Directory","https://aitoolsdirectory.com/submit-tool","48","Free","https://ratpdf.com/pdf/ocrpdf","RatPDF OCR","OCR angle.","P2","Not started"
"144","Industry org","pdfassociation.org","PDF Association","https://www.pdfa.org/contact/","68","Free","https://ratpdf.com/resources","PDF tools research","Industry credibility.","P2","Not started"
"145","Community","planetpdf.com","Planet PDF","https://www.planetpdf.com/","62","Free","https://ratpdf.com/pdf/compress","compress PDF","Legacy PDF community.","P2","Not started"
"146","Startup directory","f6s.com","F6S","https://www.f6s.com/","78","Free","https://ratpdf.com/guides/pdf-tools","RatPDF","Startup profile + deals.","P1","Not started"
"147","Company profile","crunchbase.com","Crunchbase","https://www.crunchbase.com/add-company","91","Free basic","https://ratpdf.com/guides/pdf-tools","RatPDF","Brand entity; basic profile free.","P0","Not started"
